{"entities":{"pages":{"Introduction":{"id":"Introduction","title":"Introduction","url":"introduction.html","level":0,"tabIndex":0},"Game-Overview":{"id":"Game-Overview","title":"Game Overview","url":"game-overview.html","level":0,"tabIndex":1},"Technicalities":{"id":"Technicalities","title":"Technicalities","url":"technicalities.html","level":0,"tabIndex":2},"Development-Timelines":{"id":"Development-Timelines","title":"Development Timelines","url":"development-timelines.html","level":0,"tabIndex":3},"Gameplay-Mechanics":{"id":"Gameplay-Mechanics","title":"Gameplay \u0026 Mechanics","url":"gameplay-mechanics.html","level":0,"tabIndex":4},"Tutorial":{"id":"Tutorial","title":"Game Tutorial","url":"tutorial.html","level":0,"tabIndex":5}}},"topLevelIds":["Introduction","Game-Overview","Technicalities","Development-Timelines","Gameplay-Mechanics","Tutorial"]}